INSERT INTO edefiner (id, erank, type, evalue) VALUES (1, 'GOLD', 'TITLE_ACQUIRED', 600) ON DUPLICATE KEY UPDATE id = 1;
INSERT INTO edefiner (id, erank, type, evalue) VALUES (2, 'SILVER', 'TITLE_ACQUIRED', 300) ON DUPLICATE KEY UPDATE id = 2;
INSERT INTO edefiner (id, erank, type, evalue) VALUES (3, 'BRONZE', 'TITLE_ACQUIRED', 180) ON DUPLICATE KEY UPDATE id = 3;
INSERT INTO edefiner (id, erank, type, evalue) VALUES (4, 'GOLD', 'TITLE_SAVED', 400) ON DUPLICATE KEY UPDATE id = 4;
INSERT INTO edefiner (id, erank, type, evalue) VALUES (5, 'SILVER', 'TITLE_SAVED', 200) ON DUPLICATE KEY UPDATE id = 5;
INSERT INTO edefiner (id, erank, type, evalue) VALUES (6, 'BRONZE', 'TITLE_SAVED', 100) ON DUPLICATE KEY UPDATE id = 6;
INSERT INTO edefiner (id, erank, type, evalue) VALUES (7, 'GOLD', 'TITLE_REWARD', 300) ON DUPLICATE KEY UPDATE id = 7;
INSERT INTO edefiner (id, erank, type, evalue) VALUES (8, 'SILVER', 'TITLE_REWARD', 180) ON DUPLICATE KEY UPDATE id = 8;
INSERT INTO edefiner (id, erank, type, evalue) VALUES (9, 'BRONZE', 'TITLE_REWARD', 120) ON DUPLICATE KEY UPDATE id = 9;
INSERT INTO edefiner (id, erank, type, evalue) VALUES (10, 'GOLD', 'IMMUNITY_ACQUIRED', 50) ON DUPLICATE KEY UPDATE id = 10;
INSERT INTO edefiner (id, erank, type, evalue) VALUES (11, 'SILVER', 'IMMUNITY_ACQUIRED', 30) ON DUPLICATE KEY UPDATE id = 11;
INSERT INTO edefiner (id, erank, type, evalue) VALUES (12, 'BRONZE', 'IMMUNITY_ACQUIRED', 15) ON DUPLICATE KEY UPDATE id = 12;


INSERT INTO artist (id, name, surname) VALUES (1, 'Quentin', 'Tarantino') ON DUPLICATE KEY UPDATE id = 1;
INSERT INTO artist (id, name, surname) VALUES (2, 'Leonardo', 'DiCaprio') ON DUPLICATE KEY UPDATE id = 2;
INSERT INTO artist (id, name, surname) VALUES (3, 'Brad', 'Pitt') ON DUPLICATE KEY UPDATE id = 3;
INSERT INTO artist (id, name, surname) VALUES (4, 'Margot', 'Robbie') ON DUPLICATE KEY UPDATE id = 4;
INSERT INTO artist (id, name, surname) VALUES (5, 'Emile', 'Hirsch') ON DUPLICATE KEY UPDATE id = 5;
INSERT INTO artist (id, name, surname) VALUES (6, 'Margaret', 'Qualley') ON DUPLICATE KEY UPDATE id = 6;
INSERT INTO artist (id, name, surname) VALUES (7, 'Timothy', 'Olyphant') ON DUPLICATE KEY UPDATE id = 7;
INSERT INTO artist (id, name, surname) VALUES (8, 'Austin', 'Butler') ON DUPLICATE KEY UPDATE id = 8;
INSERT INTO artist (id, name, surname) VALUES (9, 'Dakota', 'Fanning') ON DUPLICATE KEY UPDATE id = 9;
INSERT INTO artist (id, name, surname) VALUES (10, 'Bruce', 'Dern') ON DUPLICATE KEY UPDATE id = 10;
INSERT INTO artist (id, name, surname) VALUES (11, 'Al', 'Pacino') ON DUPLICATE KEY UPDATE id = 11;
INSERT INTO artist (id, name, surname) VALUES (12, 'John', 'Travolta') ON DUPLICATE KEY UPDATE id = 12;
INSERT INTO artist (id, name, surname) VALUES (13, 'Samuel', 'Jackson') ON DUPLICATE KEY UPDATE id = 13;
INSERT INTO artist (id, name, surname) VALUES (14, 'Uma', 'Thurman') ON DUPLICATE KEY UPDATE id = 14;
INSERT INTO artist (id, name, surname) VALUES (15, 'Harvey', 'Keitel') ON DUPLICATE KEY UPDATE id = 15;
INSERT INTO artist (id, name, surname) VALUES (16, 'Tim', 'Roth') ON DUPLICATE KEY UPDATE id = 16;
INSERT INTO artist (id, name, surname) VALUES (17, 'Amanda', 'Plummer') ON DUPLICATE KEY UPDATE id = 17;
INSERT INTO artist (id, name, surname) VALUES (18, 'Maria', 'DeMedeiros') ON DUPLICATE KEY UPDATE id = 18;
INSERT INTO artist (id, name, surname) VALUES (19, 'Ving', 'Rhames') ON DUPLICATE KEY UPDATE id = 19;
INSERT INTO artist (id, name, surname) VALUES (20, 'Eric', 'Stoltz') ON DUPLICATE KEY UPDATE id = 20;
INSERT INTO artist (id, name, surname) VALUES (21, 'Rosanna', 'Arquette') ON DUPLICATE KEY UPDATE id = 21;
INSERT INTO artist (id, name, surname) VALUES (22, 'Christopher', 'Walken') ON DUPLICATE KEY UPDATE id = 22;
INSERT INTO artist (id, name, surname) VALUES (23, 'Bruce', 'Willis') ON DUPLICATE KEY UPDATE id = 23;
INSERT INTO artist (id, name, surname) VALUES (24, 'Jamie', 'Foxx') ON DUPLICATE KEY UPDATE id = 24;
INSERT INTO artist (id, name, surname) VALUES (25, 'Christoph', 'Waltz') ON DUPLICATE KEY UPDATE id = 25;
INSERT INTO artist (id, name, surname) VALUES (26, 'Kerry', 'Washington') ON DUPLICATE KEY UPDATE id = 26;
INSERT INTO artist (id, name, surname) VALUES (27, 'Walton', 'Goggins') ON DUPLICATE KEY UPDATE id = 27;
INSERT INTO artist (id, name, surname) VALUES (28, 'Dennis', 'Christopher') ON DUPLICATE KEY UPDATE id = 28;
INSERT INTO artist (id, name, surname) VALUES (29, 'James', 'Remar') ON DUPLICATE KEY UPDATE id = 29;
INSERT INTO artist (id, name, surname) VALUES (30, 'Michael', 'Parks') ON DUPLICATE KEY UPDATE id = 30;
INSERT INTO artist (id, name, surname) VALUES (31, 'Don', 'Johnson') ON DUPLICATE KEY UPDATE id = 31;
INSERT INTO artist (id, name, surname) VALUES (32, 'Michael', 'Fassbender') ON DUPLICATE KEY UPDATE id = 32;
INSERT INTO artist (id, name, surname) VALUES (33, 'Eli', 'Roth') ON DUPLICATE KEY UPDATE id = 33;
INSERT INTO artist (id, name, surname) VALUES (34, 'Diane', 'Kruger') ON DUPLICATE KEY UPDATE id = 34;
INSERT INTO artist (id, name, surname) VALUES (35, 'Daniel', 'Brühl') ON DUPLICATE KEY UPDATE id = 35;
INSERT INTO artist (id, name, surname) VALUES (36, 'Til', 'Schweiger') ON DUPLICATE KEY UPDATE id = 36;
INSERT INTO artist (id, name, surname) VALUES (37, 'Melanie', 'Laurent') ON DUPLICATE KEY UPDATE id = 37;
INSERT INTO artist (id, name, surname) VALUES (38, 'August', 'Diehl') ON DUPLICATE KEY UPDATE id = 38;
INSERT INTO artist (id, name, surname) VALUES (39, 'Julie', 'Dreyfus') ON DUPLICATE KEY UPDATE id = 39;
INSERT INTO artist (id, name, surname) VALUES (40, 'Sylvester', 'Groth') ON DUPLICATE KEY UPDATE id = 40;
INSERT INTO artist (id, name, surname) VALUES (41, 'Jacky', 'Ido') ON DUPLICATE KEY UPDATE id = 41;
INSERT INTO artist (id, name, surname) VALUES (42, 'Denis', 'Menochet') ON DUPLICATE KEY UPDATE id = 42;
INSERT INTO artist (id, name, surname) VALUES (43, 'Mike', 'Myers') ON DUPLICATE KEY UPDATE id = 43;
INSERT INTO artist (id, name, surname) VALUES (44, 'Rod', 'Taylor') ON DUPLICATE KEY UPDATE id = 44;
INSERT INTO artist (id, name, surname) VALUES (45, 'Martin', 'Wuttke') ON DUPLICATE KEY UPDATE id = 45;
INSERT INTO artist (id, name, surname) VALUES (46, 'Chris', 'Penn') ON DUPLICATE KEY UPDATE id = 46;
INSERT INTO artist (id, name, surname) VALUES (47, 'Steve', 'Buscemi') ON DUPLICATE KEY UPDATE id = 47;
INSERT INTO artist (id, name, surname) VALUES (48, 'Lawrence', 'Tierney') ON DUPLICATE KEY UPDATE id = 48;
INSERT INTO artist (id, name, surname) VALUES (49, 'Michael', 'Madsen') ON DUPLICATE KEY UPDATE id = 49;
INSERT INTO artist (id, name, surname) VALUES (50, 'Kurt', 'Russell') ON DUPLICATE KEY UPDATE id = 50;
INSERT INTO artist (id, name, surname) VALUES (51, 'Jennifer', 'Leigh') ON DUPLICATE KEY UPDATE id = 51;
INSERT INTO artist (id, name, surname) VALUES (52, 'Demian', 'Bichir') ON DUPLICATE KEY UPDATE id = 52;
INSERT INTO artist (id, name, surname) VALUES (53, 'James', 'Parks') ON DUPLICATE KEY UPDATE id = 53;
INSERT INTO artist (id, name, surname) VALUES (54, 'Channing', 'Tatum') ON DUPLICATE KEY UPDATE id = 54;
INSERT INTO artist (id, name, surname) VALUES (55, 'Rosario', 'Dawson') ON DUPLICATE KEY UPDATE id = 55;
INSERT INTO artist (id, name, surname) VALUES (56, 'Vanessa', 'Ferlito') ON DUPLICATE KEY UPDATE id = 56;
INSERT INTO artist (id, name, surname) VALUES (57, 'Jordan', 'Ladd') ON DUPLICATE KEY UPDATE id = 57;
INSERT INTO artist (id, name, surname) VALUES (58, 'Rose', 'McGowan') ON DUPLICATE KEY UPDATE id = 58;
INSERT INTO artist (id, name, surname) VALUES (59, 'Sydney', 'Poitier') ON DUPLICATE KEY UPDATE id = 59;
INSERT INTO artist (id, name, surname) VALUES (60, 'Tracie', 'Thoms') ON DUPLICATE KEY UPDATE id = 60;
INSERT INTO artist (id, name, surname) VALUES (61, 'Mary', 'Elizabeth') ON DUPLICATE KEY UPDATE id = 61;
INSERT INTO artist (id, name, surname) VALUES (62, 'Zoe', 'Bell') ON DUPLICATE KEY UPDATE id = 62;
INSERT INTO artist (id, name, surname) VALUES (63, 'Pam', 'Grier') ON DUPLICATE KEY UPDATE id = 63;
INSERT INTO artist (id, name, surname) VALUES (64, 'Robert', 'Forster') ON DUPLICATE KEY UPDATE id = 64;
INSERT INTO artist (id, name, surname) VALUES (65, 'Bridget', 'Fonda') ON DUPLICATE KEY UPDATE id = 65;
INSERT INTO artist (id, name, surname) VALUES (66, 'Michael', 'Keaton') ON DUPLICATE KEY UPDATE id = 66;
INSERT INTO artist (id, name, surname) VALUES (67, 'Michael', 'Bowen') ON DUPLICATE KEY UPDATE id = 67;
INSERT INTO artist (id, name, surname) VALUES (68, 'LisaGay', 'Hamilton') ON DUPLICATE KEY UPDATE id = 68;
INSERT INTO artist (id, name, surname) VALUES (69, 'Tommy', 'Lister') ON DUPLICATE KEY UPDATE id = 69;
INSERT INTO artist (id, name, surname) VALUES (70, 'Hattie', 'Winston') ON DUPLICATE KEY UPDATE id = 70;
INSERT INTO artist (id, name, surname) VALUES (71, 'Sid', 'Haig') ON DUPLICATE KEY UPDATE id = 71;
INSERT INTO artist (id, name, surname) VALUES (72, 'Aimee', 'Graham') ON DUPLICATE KEY UPDATE id = 72;
INSERT INTO artist (id, name, surname) VALUES (73, 'Chris', 'Tucker') ON DUPLICATE KEY UPDATE id = 73;
INSERT INTO artist (id, name, surname) VALUES (74, 'Robert', 'DeNiro') ON DUPLICATE KEY UPDATE id = 74;
INSERT INTO artist (id, name, surname) VALUES (75, 'Lucy', 'Liu') ON DUPLICATE KEY UPDATE id = 75;
INSERT INTO artist (id, name, surname) VALUES (76, 'Vivica', 'Fox') ON DUPLICATE KEY UPDATE id = 76;
INSERT INTO artist (id, name, surname) VALUES (77, 'Daryl', 'Hannah') ON DUPLICATE KEY UPDATE id = 77;
INSERT INTO artist (id, name, surname) VALUES (78, 'David', 'Carradine') ON DUPLICATE KEY UPDATE id = 78;
INSERT INTO artist (id, name, surname) VALUES (79, 'Sonny', 'Chiba') ON DUPLICATE KEY UPDATE id = 79;
INSERT INTO artist (id, name, surname) VALUES (80, 'Chiaki', 'Kuriyama') ON DUPLICATE KEY UPDATE id = 80;
INSERT INTO artist (id, name, surname) VALUES (81, 'Gordon', 'Liu') ON DUPLICATE KEY UPDATE id = 81;
INSERT INTO artist (id, name, surname) VALUES (82, 'Daren', 'Aronofski') ON DUPLICATE KEY UPDATE id = 82;
INSERT INTO artist (id, name, surname) VALUES (83, 'Andres', 'Heinz') ON DUPLICATE KEY UPDATE id = 83;
INSERT INTO artist (id, name, surname) VALUES (84, 'Natalie', 'Portman') ON DUPLICATE KEY UPDATE id = 84;
INSERT INTO artist (id, name, surname) VALUES (85, 'Vincent', 'Cassel') ON DUPLICATE KEY UPDATE id = 85;
INSERT INTO artist (id, name, surname) VALUES (86, 'Mila', 'Kunis') ON DUPLICATE KEY UPDATE id = 86;
INSERT INTO artist (id, name, surname) VALUES (87, 'Barbara', 'Hershey') ON DUPLICATE KEY UPDATE id = 87;
INSERT INTO artist (id, name, surname) VALUES (88, 'Winona', 'Ryder') ON DUPLICATE KEY UPDATE id = 88;
INSERT INTO artist (id, name, surname) VALUES (89, 'Hubert', 'Selby') ON DUPLICATE KEY UPDATE id = 89;
INSERT INTO artist (id, name, surname) VALUES (90, 'Ellen', 'Burstyn') ON DUPLICATE KEY UPDATE id = 90;
INSERT INTO artist (id, name, surname) VALUES (91, 'Jared', 'Leto') ON DUPLICATE KEY UPDATE id = 91;
INSERT INTO artist (id, name, surname) VALUES (92, 'Jennifer', 'Connelly') ON DUPLICATE KEY UPDATE id = 92;
INSERT INTO artist (id, name, surname) VALUES (93, 'Marlon', 'Wayans') ON DUPLICATE KEY UPDATE id = 93;
INSERT INTO artist (id, name, surname) VALUES (94, 'Robert', 'Siegel') ON DUPLICATE KEY UPDATE id = 94;
INSERT INTO artist (id, name, surname) VALUES (95, 'Mickey', 'Rourke') ON DUPLICATE KEY UPDATE id = 95;
INSERT INTO artist (id, name, surname) VALUES (96, 'Marisa', 'Tomei') ON DUPLICATE KEY UPDATE id = 96;
INSERT INTO artist (id, name, surname) VALUES (97, 'Evan', 'Rachel') ON DUPLICATE KEY UPDATE id = 97;
INSERT INTO artist (id, name, surname) VALUES (98, 'Darren', 'Aronofsky') ON DUPLICATE KEY UPDATE id = 98;
INSERT INTO artist (id, name, surname) VALUES (99, 'Bruce', 'Greenwood') ON DUPLICATE KEY UPDATE id = 99;
INSERT INTO artist (id, name, surname) VALUES (100, 'Matthew', 'Davis') ON DUPLICATE KEY UPDATE id = 100;
INSERT INTO artist (id, name, surname) VALUES (101, 'Olivia', 'Williams') ON DUPLICATE KEY UPDATE id = 101;
INSERT INTO artist (id, name, surname) VALUES (102, 'Holt', 'McCallany') ON DUPLICATE KEY UPDATE id = 102;
INSERT INTO artist (id, name, surname) VALUES (103, 'Scott', 'Foley') ON DUPLICATE KEY UPDATE id = 103;
INSERT INTO artist (id, name, surname) VALUES (104, 'Zach', 'Galifianakis') ON DUPLICATE KEY UPDATE id = 104;
INSERT INTO artist (id, name, surname) VALUES (105, 'Jason', 'Flemyng') ON DUPLICATE KEY UPDATE id = 105;
INSERT INTO artist (id, name, surname) VALUES (106, 'Dexter', 'Fletcher') ON DUPLICATE KEY UPDATE id = 106;
INSERT INTO artist (id, name, surname) VALUES (107, 'Hugh', 'Jackman') ON DUPLICATE KEY UPDATE id = 107;
INSERT INTO artist (id, name, surname) VALUES (108, 'Rachel', 'Weisz') ON DUPLICATE KEY UPDATE id = 108;
INSERT INTO artist (id, name, surname) VALUES (109, 'Andy', 'Muschietti') ON DUPLICATE KEY UPDATE id = 109;
INSERT INTO artist (id, name, surname) VALUES (110, 'Stephen', 'King') ON DUPLICATE KEY UPDATE id = 110;
INSERT INTO artist (id, name, surname) VALUES (111, 'Jaeden', 'Lieberher') ON DUPLICATE KEY UPDATE id = 111;
INSERT INTO artist (id, name, surname) VALUES (112, 'Bill', 'Skarsgard') ON DUPLICATE KEY UPDATE id = 112;
INSERT INTO artist (id, name, surname) VALUES (113, 'Jessica', 'Chastain') ON DUPLICATE KEY UPDATE id = 113;
INSERT INTO artist (id, name, surname) VALUES (114, 'James', 'McAvoy') ON DUPLICATE KEY UPDATE id = 114;
INSERT INTO artist (id, name, surname) VALUES (115, 'Bill', 'Hader') ON DUPLICATE KEY UPDATE id = 115;
INSERT INTO artist (id, name, surname) VALUES (116, 'Isaiah', 'Mustafa') ON DUPLICATE KEY UPDATE id = 116;
INSERT INTO artist (id, name, surname) VALUES (117, 'Jay', 'Ryan') ON DUPLICATE KEY UPDATE id = 117;
INSERT INTO artist (id, name, surname) VALUES (118, 'James', 'Ransone') ON DUPLICATE KEY UPDATE id = 118;
INSERT INTO artist (id, name, surname) VALUES (119, 'Andy', 'Bean') ON DUPLICATE KEY UPDATE id = 119;
INSERT INTO artist (id, name, surname) VALUES (120, 'Nikolaj', 'Coster-Waldau') ON DUPLICATE KEY UPDATE id = 120;
INSERT INTO artist (id, name, surname) VALUES (121, 'Megan', 'Charpentier') ON DUPLICATE KEY UPDATE id = 121;
INSERT INTO artist (id, name, surname) VALUES (122, 'Isabelle', 'Nelisse') ON DUPLICATE KEY UPDATE id = 122;
INSERT INTO artist (id, name, surname) VALUES (123, 'Daniel', 'Kash') ON DUPLICATE KEY UPDATE id = 123;
INSERT INTO artist (id, name, surname) VALUES (124, 'Javier', 'Botet') ON DUPLICATE KEY UPDATE id = 124;
INSERT INTO artist (id, name, surname) VALUES (125, 'James', 'Wan') ON DUPLICATE KEY UPDATE id = 125;
INSERT INTO artist (id, name, surname) VALUES (126, 'Chad', 'Hayes') ON DUPLICATE KEY UPDATE id = 126;
INSERT INTO artist (id, name, surname) VALUES (127, 'Vera', 'Farmiga') ON DUPLICATE KEY UPDATE id = 127;
INSERT INTO artist (id, name, surname) VALUES (128, 'Patrick', 'Wilson') ON DUPLICATE KEY UPDATE id = 128;
INSERT INTO artist (id, name, surname) VALUES (129, 'Ron', 'Livingston') ON DUPLICATE KEY UPDATE id = 129;
INSERT INTO artist (id, name, surname) VALUES (130, 'Lili', 'Taylor') ON DUPLICATE KEY UPDATE id = 130;
INSERT INTO artist (id, name, surname) VALUES (131, 'Cary', 'Elwes') ON DUPLICATE KEY UPDATE id = 131;
INSERT INTO artist (id, name, surname) VALUES (132, 'Danny', 'Glover') ON DUPLICATE KEY UPDATE id = 132;
INSERT INTO artist (id, name, surname) VALUES (133, 'Monica', 'Potter') ON DUPLICATE KEY UPDATE id = 133;
INSERT INTO artist (id, name, surname) VALUES (134, 'Michael', 'Emerson') ON DUPLICATE KEY UPDATE id = 134;
INSERT INTO artist (id, name, surname) VALUES (135, 'Ken', 'Leung') ON DUPLICATE KEY UPDATE id = 135;
INSERT INTO artist (id, name, surname) VALUES (136, 'Tobin', 'Bell') ON DUPLICATE KEY UPDATE id = 136;
INSERT INTO artist (id, name, surname) VALUES (137, 'Leigh', 'Whannell') ON DUPLICATE KEY UPDATE id = 137;
INSERT INTO artist (id, name, surname) VALUES (138, 'Ryan', 'Kwanten') ON DUPLICATE KEY UPDATE id = 138;
INSERT INTO artist (id, name, surname) VALUES (139, 'Amber', 'Valletta') ON DUPLICATE KEY UPDATE id = 139;
INSERT INTO artist (id, name, surname) VALUES (140, 'Donnie', 'Wahlberg') ON DUPLICATE KEY UPDATE id = 140;
INSERT INTO artist (id, name, surname) VALUES (141, 'Bob', 'Gunton') ON DUPLICATE KEY UPDATE id = 141;
INSERT INTO artist (id, name, surname) VALUES (142, 'Ian', 'Jeffers') ON DUPLICATE KEY UPDATE id = 142;
INSERT INTO artist (id, name, surname) VALUES (143, 'Kevin', 'Bacon') ON DUPLICATE KEY UPDATE id = 143;
INSERT INTO artist (id, name, surname) VALUES (144, 'Garrett', 'Hedlund') ON DUPLICATE KEY UPDATE id = 144;
INSERT INTO artist (id, name, surname) VALUES (145, 'Kelly', 'Preston') ON DUPLICATE KEY UPDATE id = 145;
INSERT INTO artist (id, name, surname) VALUES (146, 'Aisha', 'Tyler') ON DUPLICATE KEY UPDATE id = 146;
INSERT INTO artist (id, name, surname) VALUES (147, 'John', 'Goodman') ON DUPLICATE KEY UPDATE id = 147;
INSERT INTO artist (id, name, surname) VALUES (148, 'Rose', 'Byrne') ON DUPLICATE KEY UPDATE id = 148;
INSERT INTO artist (id, name, surname) VALUES (149, 'Lin', 'Shaye') ON DUPLICATE KEY UPDATE id = 149;
INSERT INTO artist (id, name, surname) VALUES (150, 'Ty', 'Simpkins') ON DUPLICATE KEY UPDATE id = 150;
INSERT INTO artist (id, name, surname) VALUES (151, 'Frances', 'OConnor') ON DUPLICATE KEY UPDATE id = 151;
INSERT INTO artist (id, name, surname) VALUES (152, 'Madison', 'Wolfe') ON DUPLICATE KEY UPDATE id = 152;
INSERT INTO artist (id, name, surname) VALUES (153, 'Simon', 'McBurney') ON DUPLICATE KEY UPDATE id = 153;
INSERT INTO artist (id, name, surname) VALUES (154, 'Franka', 'Potente') ON DUPLICATE KEY UPDATE id = 154;
INSERT INTO artist (id, name, surname) VALUES (155, 'Ruairi', 'OConnor') ON DUPLICATE KEY UPDATE id = 155;
INSERT INTO artist (id, name, surname) VALUES (156, 'Sarah', 'Hook') ON DUPLICATE KEY UPDATE id = 156;
INSERT INTO artist (id, name, surname) VALUES (157, 'Julian', 'Hilliard') ON DUPLICATE KEY UPDATE id = 157;
INSERT INTO artist (id, name, surname) VALUES (158, 'James', 'Cameron') ON DUPLICATE KEY UPDATE id = 158;
INSERT INTO artist (id, name, surname) VALUES (159, 'Arnold', 'Schwarzenegger') ON DUPLICATE KEY UPDATE id = 159;
INSERT INTO artist (id, name, surname) VALUES (160, 'Michael', 'Biehn') ON DUPLICATE KEY UPDATE id = 160;
INSERT INTO artist (id, name, surname) VALUES (161, 'Linda', 'Hamilton') ON DUPLICATE KEY UPDATE id = 161;
INSERT INTO artist (id, name, surname) VALUES (162, 'Paul', 'Winfield') ON DUPLICATE KEY UPDATE id = 162;
INSERT INTO artist (id, name, surname) VALUES (163, 'Robert', 'Patrick') ON DUPLICATE KEY UPDATE id = 163;
INSERT INTO artist (id, name, surname) VALUES (164, 'Jonathan', 'Mostow') ON DUPLICATE KEY UPDATE id = 164;
INSERT INTO artist (id, name, surname) VALUES (165, 'John', 'Brancato') ON DUPLICATE KEY UPDATE id = 165;
INSERT INTO artist (id, name, surname) VALUES (166, 'Nick', 'Stahl') ON DUPLICATE KEY UPDATE id = 166;
INSERT INTO artist (id, name, surname) VALUES (167, 'Claire', 'Danes') ON DUPLICATE KEY UPDATE id = 167;
INSERT INTO artist (id, name, surname) VALUES (168, 'Kristanna', 'Loken') ON DUPLICATE KEY UPDATE id = 168;
INSERT INTO artist (id, name, surname) VALUES (169, 'Mikael', 'Hafstrom') ON DUPLICATE KEY UPDATE id = 169;
INSERT INTO artist (id, name, surname) VALUES (170, 'Miles', 'Chapman') ON DUPLICATE KEY UPDATE id = 170;
INSERT INTO artist (id, name, surname) VALUES (171, 'Sylvester', 'Stallone') ON DUPLICATE KEY UPDATE id = 171;
INSERT INTO artist (id, name, surname) VALUES (172, 'Jim', 'Caviezel') ON DUPLICATE KEY UPDATE id = 172;
INSERT INTO artist (id, name, surname) VALUES (173, '50', 'Cent') ON DUPLICATE KEY UPDATE id = 173;
INSERT INTO artist (id, name, surname) VALUES (174, 'Sam', 'Neill') ON DUPLICATE KEY UPDATE id = 174;
INSERT INTO artist (id, name, surname) VALUES (175, 'Faran', 'Tahir') ON DUPLICATE KEY UPDATE id = 175;
INSERT INTO artist (id, name, surname) VALUES (176, 'Vinnie', 'Jones') ON DUPLICATE KEY UPDATE id = 176;
INSERT INTO artist (id, name, surname) VALUES (177, 'Vincent', 'DOnofrio') ON DUPLICATE KEY UPDATE id = 177;
INSERT INTO artist (id, name, surname) VALUES (178, 'Caitriona', 'Balfe') ON DUPLICATE KEY UPDATE id = 178;
INSERT INTO artist (id, name, surname) VALUES (179, 'Amy', 'Ryan') ON DUPLICATE KEY UPDATE id = 179;
INSERT INTO artist (id, name, surname) VALUES (180, 'Elliott', 'Lester') ON DUPLICATE KEY UPDATE id = 180;
INSERT INTO artist (id, name, surname) VALUES (181, 'Javier', 'Gullon') ON DUPLICATE KEY UPDATE id = 181;
INSERT INTO artist (id, name, surname) VALUES (182, 'Scoot', 'McNairy') ON DUPLICATE KEY UPDATE id = 182;
INSERT INTO artist (id, name, surname) VALUES (183, 'Maggie', 'Grace') ON DUPLICATE KEY UPDATE id = 183;
INSERT INTO artist (id, name, surname) VALUES (184, 'Martin', 'Donovan') ON DUPLICATE KEY UPDATE id = 184;
INSERT INTO artist (id, name, surname) VALUES (185, 'Jon', 'Lucas') ON DUPLICATE KEY UPDATE id = 185;
INSERT INTO artist (id, name, surname) VALUES (186, 'Kristen', 'Bell') ON DUPLICATE KEY UPDATE id = 186;
INSERT INTO artist (id, name, surname) VALUES (187, 'Kathryn', 'Hahn') ON DUPLICATE KEY UPDATE id = 187;
INSERT INTO artist (id, name, surname) VALUES (188, 'Jay', 'Hernandez') ON DUPLICATE KEY UPDATE id = 188;
INSERT INTO artist (id, name, surname) VALUES (189, 'Annie', 'Mumolo') ON DUPLICATE KEY UPDATE id = 189;
INSERT INTO artist (id, name, surname) VALUES (190, 'Christina', 'Applegate') ON DUPLICATE KEY UPDATE id = 190;
INSERT INTO artist (id, name, surname) VALUES (191, 'Paul', 'Haggis') ON DUPLICATE KEY UPDATE id = 191;
INSERT INTO artist (id, name, surname) VALUES (192, 'Liam', 'Neeson') ON DUPLICATE KEY UPDATE id = 192;
INSERT INTO artist (id, name, surname) VALUES (193, 'Adrien', 'Brody') ON DUPLICATE KEY UPDATE id = 193;
INSERT INTO artist (id, name, surname) VALUES (194, 'Olivia', 'Wilde') ON DUPLICATE KEY UPDATE id = 194;
INSERT INTO artist (id, name, surname) VALUES (195, 'James', 'Franco') ON DUPLICATE KEY UPDATE id = 195;
INSERT INTO artist (id, name, surname) VALUES (196, 'Moran', 'Atias') ON DUPLICATE KEY UPDATE id = 196;
INSERT INTO artist (id, name, surname) VALUES (197, 'Maria', 'Bello') ON DUPLICATE KEY UPDATE id = 197;
INSERT INTO artist (id, name, surname) VALUES (198, 'Kim', 'Basinger') ON DUPLICATE KEY UPDATE id = 198;
INSERT INTO artist (id, name, surname) VALUES (199, 'Seth', 'MacFarlane') ON DUPLICATE KEY UPDATE id = 199;
INSERT INTO artist (id, name, surname) VALUES (200, 'Mark', 'Wahlberg') ON DUPLICATE KEY UPDATE id = 200;
INSERT INTO artist (id, name, surname) VALUES (201, 'Joel', 'McHale') ON DUPLICATE KEY UPDATE id = 201;
INSERT INTO artist (id, name, surname) VALUES (202, 'Giovanni', 'Ribisi') ON DUPLICATE KEY UPDATE id = 202;
INSERT INTO artist (id, name, surname) VALUES (203, 'Will', 'Gluck') ON DUPLICATE KEY UPDATE id = 203;
INSERT INTO artist (id, name, surname) VALUES (204, 'Keith', 'Merryman') ON DUPLICATE KEY UPDATE id = 204;
INSERT INTO artist (id, name, surname) VALUES (205, 'Justin', 'Timberlake') ON DUPLICATE KEY UPDATE id = 205;
INSERT INTO artist (id, name, surname) VALUES (206, 'Patricia', 'Clarkson') ON DUPLICATE KEY UPDATE id = 206;
INSERT INTO artist (id, name, surname) VALUES (207, 'Jenna', 'Elfman') ON DUPLICATE KEY UPDATE id = 207;
INSERT INTO artist (id, name, surname) VALUES (208, 'Bryan', 'Greenberg') ON DUPLICATE KEY UPDATE id = 208;
INSERT INTO artist (id, name, surname) VALUES (209, 'Richard', 'Jenkins') ON DUPLICATE KEY UPDATE id = 209;
INSERT INTO artist (id, name, surname) VALUES (210, 'Woody', 'Harrelson') ON DUPLICATE KEY UPDATE id = 210;
INSERT INTO artist (id, name, surname) VALUES (211, 'John', 'Moore') ON DUPLICATE KEY UPDATE id = 211;
INSERT INTO artist (id, name, surname) VALUES (212, 'Beau', 'Thorne') ON DUPLICATE KEY UPDATE id = 212;
INSERT INTO artist (id, name, surname) VALUES (213, 'Beau', 'Bridges') ON DUPLICATE KEY UPDATE id = 213;
INSERT INTO artist (id, name, surname) VALUES (214, 'Chris', 'Bridges') ON DUPLICATE KEY UPDATE id = 214;
INSERT INTO artist (id, name, surname) VALUES (215, 'Olga', 'Kurylenko') ON DUPLICATE KEY UPDATE id = 215;
INSERT INTO artist (id, name, surname) VALUES (216, 'Cheryl', 'Hines') ON DUPLICATE KEY UPDATE id = 216;
INSERT INTO artist (id, name, surname) VALUES (217, 'Christine', 'Baranski') ON DUPLICATE KEY UPDATE id = 217;
INSERT INTO artist (id, name, surname) VALUES (218, 'Susan', 'Sarandon') ON DUPLICATE KEY UPDATE id = 218;
INSERT INTO artist (id, name, surname) VALUES (219, 'Todd', 'Phillips') ON DUPLICATE KEY UPDATE id = 219;
INSERT INTO artist (id, name, surname) VALUES (220, 'Joaquin', 'Phoenix') ON DUPLICATE KEY UPDATE id = 220;
INSERT INTO artist (id, name, surname) VALUES (221, 'Zazie', 'Beetz') ON DUPLICATE KEY UPDATE id = 221;
INSERT INTO artist (id, name, surname) VALUES (222, 'Frances', 'Conroy') ON DUPLICATE KEY UPDATE id = 222;
INSERT INTO artist (id, name, surname) VALUES (223, 'James', 'Gray') ON DUPLICATE KEY UPDATE id = 223;
INSERT INTO artist (id, name, surname) VALUES (224, 'Gwyneth', 'Paltrow') ON DUPLICATE KEY UPDATE id = 224;
INSERT INTO artist (id, name, surname) VALUES (225, 'Vinessa', 'Shaw') ON DUPLICATE KEY UPDATE id = 225;
INSERT INTO artist (id, name, surname) VALUES (226, 'Isabella', 'Rossellini') ON DUPLICATE KEY UPDATE id = 226;
INSERT INTO artist (id, name, surname) VALUES (227, 'Elias', 'Koteas') ON DUPLICATE KEY UPDATE id = 227;
INSERT INTO artist (id, name, surname) VALUES (228, 'Moni', 'Moshonov') ON DUPLICATE KEY UPDATE id = 228;
INSERT INTO artist (id, name, surname) VALUES (229, 'Night', 'Shyamalan') ON DUPLICATE KEY UPDATE id = 229;
INSERT INTO artist (id, name, surname) VALUES (230, 'Mel', 'Gibson') ON DUPLICATE KEY UPDATE id = 230;
INSERT INTO artist (id, name, surname) VALUES (231, 'Spike', 'Jonze') ON DUPLICATE KEY UPDATE id = 231;
INSERT INTO artist (id, name, surname) VALUES (232, 'Amy', 'Adams') ON DUPLICATE KEY UPDATE id = 232;
INSERT INTO artist (id, name, surname) VALUES (233, 'Rooney', 'Mara') ON DUPLICATE KEY UPDATE id = 233;
INSERT INTO artist (id, name, surname) VALUES (234, 'Scarlett', 'Johansson') ON DUPLICATE KEY UPDATE id = 234;
INSERT INTO artist (id, name, surname) VALUES (235, 'Paul', 'Anderson') ON DUPLICATE KEY UPDATE id = 235;
INSERT INTO artist (id, name, surname) VALUES (236, 'Philip', 'Hoffman') ON DUPLICATE KEY UPDATE id = 236;


INSERT INTO film (id, name, genre, duration, year, rating, director_id, written_by) VALUES (1, 'Once Upon a Time in Hollywood', 'COMEDY', 161, 2019, 0.0, 1, 1) ON DUPLICATE KEY UPDATE id = 1;
INSERT INTO film (id, name, genre, duration, year, rating, director_id, written_by) VALUES (2, 'Pulp Fiction', 'ACTION', 154, 1994, 0.0, 1, 1) ON DUPLICATE KEY UPDATE id = 2;
INSERT INTO film (id, name, genre, duration, year, rating, director_id, written_by) VALUES (3, 'Django Unchained', 'WESTERN', 165, 2012, 0.0, 1, 1) ON DUPLICATE KEY UPDATE id = 3;
INSERT INTO film (id, name, genre, duration, year, rating, director_id, written_by) VALUES (4, 'Inglourious Basterds', 'ACTION', 153, 2009, 0.0, 1, 1) ON DUPLICATE KEY UPDATE id = 4;
INSERT INTO film (id, name, genre, duration, year, rating, director_id, written_by) VALUES (5, 'Reservoir Dogs', 'THRILLER', 99, 1992, 0.0, 1, 1) ON DUPLICATE KEY UPDATE id = 5;
INSERT INTO film (id, name, genre, duration, year, rating, director_id, written_by) VALUES (6, 'The Hateful Eight', 'WESTERN', 210, 2015, 0.0, 1, 1) ON DUPLICATE KEY UPDATE id = 6;
INSERT INTO film (id, name, genre, duration, year, rating, director_id, written_by) VALUES (7, 'Death Proof', 'THRILLER', 113, 2007, 0.0, 1, 1) ON DUPLICATE KEY UPDATE id = 7;
INSERT INTO film (id, name, genre, duration, year, rating, director_id, written_by) VALUES (8, 'Jackie Brown', 'ACTION', 154, 1997, 0.0, 1, 1) ON DUPLICATE KEY UPDATE id = 8;
INSERT INTO film (id, name, genre, duration, year, rating, director_id, written_by) VALUES (9, 'Kill Bill: Vol 1', 'ACTION', 111, 2003, 0.0, 1, 1) ON DUPLICATE KEY UPDATE id = 9;
INSERT INTO film (id, name, genre, duration, year, rating, director_id, written_by) VALUES (10, 'Kill Bill: Vol 2', 'ACTION', 136, 2004, 0.0, 1, 1) ON DUPLICATE KEY UPDATE id = 10;
INSERT INTO film (id, name, genre, duration, year, rating, director_id, written_by) VALUES (11, 'Black Swan', 'THRILLER', 108, 2010, 0.0, 82, 83) ON DUPLICATE KEY UPDATE id = 11;
INSERT INTO film (id, name, genre, duration, year, rating, director_id, written_by) VALUES (12, 'Requiem for a Dream', 'THRILLER', 101, 2000, 0.0, 82, 89) ON DUPLICATE KEY UPDATE id = 12;
INSERT INTO film (id, name, genre, duration, year, rating, director_id, written_by) VALUES (13, 'The Wrestler', 'THRILLER', 109, 2008, 0.0, 82, 94) ON DUPLICATE KEY UPDATE id = 13;
INSERT INTO film (id, name, genre, duration, year, rating, director_id, written_by) VALUES (14, 'Below', 'HORROR', 105, 2002, 0.0, 98, 98) ON DUPLICATE KEY UPDATE id = 14;
INSERT INTO film (id, name, genre, duration, year, rating, director_id, written_by) VALUES (15, 'The Fountain', 'DRAMA', 96, 2006, 0.0, 98, 98) ON DUPLICATE KEY UPDATE id = 15;
INSERT INTO film (id, name, genre, duration, year, rating, director_id, written_by) VALUES (16, 'It', 'HORROR', 136, 2017, 0.0, 109, 110) ON DUPLICATE KEY UPDATE id = 16;
INSERT INTO film (id, name, genre, duration, year, rating, director_id, written_by) VALUES (17, 'It Chapter Two', 'HORROR', 170, 2019, 0.0, 110, 109) ON DUPLICATE KEY UPDATE id = 17;
INSERT INTO film (id, name, genre, duration, year, rating, director_id, written_by) VALUES (18, 'Mama', 'HORROR', 100, 2013, 0.0, 109, 109) ON DUPLICATE KEY UPDATE id = 18;
INSERT INTO film (id, name, genre, duration, year, rating, director_id, written_by) VALUES (19, 'The Conjuring', 'HORROR', 112, 2013, 0.0, 125, 126) ON DUPLICATE KEY UPDATE id = 19;
INSERT INTO film (id, name, genre, duration, year, rating, director_id, written_by) VALUES (20, 'Saw', 'HORROR', 103, 2004, 0.0, 125, 125) ON DUPLICATE KEY UPDATE id = 20;
INSERT INTO film (id, name, genre, duration, year, rating, director_id, written_by) VALUES (20, 'Dead Silence', 'HORROR', 92, 2007, 0.0, 125, 125) ON DUPLICATE KEY UPDATE id = 20;
INSERT INTO film (id, name, genre, duration, year, rating, director_id, written_by) VALUES (21, 'Death Sentence', 'HORROR', 111, 2007, 0.0, 125, 142) ON DUPLICATE KEY UPDATE id = 21;
INSERT INTO film (id, name, genre, duration, year, rating, director_id, written_by) VALUES (22, 'Insidious', 'HORROR', 102, 2010, 0.0, 125, 137) ON DUPLICATE KEY UPDATE id = 22;
INSERT INTO film (id, name, genre, duration, year, rating, director_id, written_by) VALUES (23, 'Insidious: Chapter 2', 'HORROR', 112, 2013, 0.0, 125, 125) ON DUPLICATE KEY UPDATE id = 23;
INSERT INTO film (id, name, genre, duration, year, rating, director_id, written_by) VALUES (24, 'The Conjuring 2', 'HORROR', 134, 2016, 0.0, 125, 126) ON DUPLICATE KEY UPDATE id = 24;
INSERT INTO film (id, name, genre, duration, year, rating, director_id, written_by) VALUES (25, 'The Conjuring: The Devil Made Me Do It', 'HORROR', 113, 2020, 0.0, 125, 125) ON DUPLICATE KEY UPDATE id = 25;
INSERT INTO film (id, name, genre, duration, year, rating, director_id, written_by) VALUES (26, 'The Terminator', 'SCIFI', 107, 1984, 0.0, 158, 158) ON DUPLICATE KEY UPDATE id = 26;
INSERT INTO film (id, name, genre, duration, year, rating, director_id, written_by) VALUES (27, 'Terminator 2: Judgment Day', 'SCIFI', 137, 1991, 0.0, 158, 158) ON DUPLICATE KEY UPDATE id = 27;
INSERT INTO film (id, name, genre, duration, year, rating, director_id, written_by) VALUES (28, 'Terminator 3: Rise of the Machines', 'SCIFI', 109, 2003, 0.0, 164, 165) ON DUPLICATE KEY UPDATE id = 28;
INSERT INTO film (id, name, genre, duration, year, rating, director_id, written_by) VALUES (30, 'Aftermath', 'THRILLER', 92, 2017, 0.0, 180, 181) ON DUPLICATE KEY UPDATE id = 30;
INSERT INTO film (id, name, genre, duration, year, rating, director_id, written_by) VALUES (31, 'Bad Moms', 'COMEDY', 101, 2016, 0.0, 185, 185) ON DUPLICATE KEY UPDATE id = 31;
INSERT INTO film (id, name, genre, duration, year, rating, director_id, written_by) VALUES (32, 'Third Person', 'DRAMA', 137, 2013, 0.0, 191, 191) ON DUPLICATE KEY UPDATE id = 32;
INSERT INTO film (id, name, genre, duration, year, rating, director_id, written_by) VALUES (33, 'Ted', 'COMEDY', 106, 2012, 0.0, 199, 199) ON DUPLICATE KEY UPDATE id = 33;
INSERT INTO film (id, name, genre, duration, year, rating, director_id, written_by) VALUES (34, 'Friends with Benefits', 'COMEDY', 109, 2011, 0.0, 203, 204) ON DUPLICATE KEY UPDATE id = 34;
INSERT INTO film (id, name, genre, duration, year, rating, director_id, written_by) VALUES (35, 'Max Payne', 'THRILLER', 99, 2008, 0.0, 211, 212) ON DUPLICATE KEY UPDATE id = 35;
INSERT INTO film (id, name, genre, duration, year, rating, director_id, written_by) VALUES (36, 'A Bad Moms Christmas', 'COMEDY', 112, 2017, 0.0, 185, 185) ON DUPLICATE KEY UPDATE id = 36;
INSERT INTO film (id, name, genre, duration, year, rating, director_id, written_by) VALUES (37, 'Joker', 'THRILLER', 122, 2019, 0.0, 219, 219) ON DUPLICATE KEY UPDATE id = 37;
INSERT INTO film (id, name, genre, duration, year, rating, director_id, written_by) VALUES (38, 'Two Lovers', 'DRAMA', 110, 2008, 0.0, 223, 223) ON DUPLICATE KEY UPDATE id = 38;
INSERT INTO film (id, name, genre, duration, year, rating, director_id, written_by) VALUES (39, 'Sings', 'HORROR', 106, 2002, 0.0, 229, 229) ON DUPLICATE KEY UPDATE id = 39;
INSERT INTO film (id, name, genre, duration, year, rating, director_id, written_by) VALUES (40, 'Her', 'DRAMA', 126, 2013, 0.0, 231, 231) ON DUPLICATE KEY UPDATE id = 40;
INSERT INTO film (id, name, genre, duration, year, rating, director_id, written_by) VALUES (41, 'The Master', 'DRAMA', 137, 2012, 0.0, 235, 235) ON DUPLICATE KEY UPDATE id = 41;


INSERT INTO film_actors (artist_id, film_id) VALUES (2, 1);
INSERT INTO film_actors (artist_id, film_id) VALUES (5, 1);
INSERT INTO film_actors (artist_id, film_id) VALUES (6, 1);
INSERT INTO film_actors (artist_id, film_id) VALUES (4, 1);
INSERT INTO film_actors (artist_id, film_id) VALUES (11, 1);
INSERT INTO film_actors (artist_id, film_id) VALUES (9, 1);
INSERT INTO film_actors (artist_id, film_id) VALUES (8, 1);
INSERT INTO film_actors (artist_id, film_id) VALUES (3, 1);
INSERT INTO film_actors (artist_id, film_id) VALUES (10, 1);
INSERT INTO film_actors (artist_id, film_id) VALUES (7, 1);
INSERT INTO film_actors (artist_id, film_id) VALUES (12, 2);
INSERT INTO film_actors (artist_id, film_id) VALUES (18, 2);
INSERT INTO film_actors (artist_id, film_id) VALUES (14, 2);
INSERT INTO film_actors (artist_id, film_id) VALUES (13, 2);
INSERT INTO film_actors (artist_id, film_id) VALUES (20, 2);
INSERT INTO film_actors (artist_id, film_id) VALUES (23, 2);
INSERT INTO film_actors (artist_id, film_id) VALUES (17, 2);
INSERT INTO film_actors (artist_id, film_id) VALUES (15, 2);
INSERT INTO film_actors (artist_id, film_id) VALUES (16, 2);
INSERT INTO film_actors (artist_id, film_id) VALUES (22, 2);
INSERT INTO film_actors (artist_id, film_id) VALUES (19, 2);
INSERT INTO film_actors (artist_id, film_id) VALUES (21, 2);
INSERT INTO film_actors (artist_id, film_id) VALUES (2, 3);
INSERT INTO film_actors (artist_id, film_id) VALUES (27, 3);
INSERT INTO film_actors (artist_id, film_id) VALUES (31, 3);
INSERT INTO film_actors (artist_id, film_id) VALUES (30, 3);
INSERT INTO film_actors (artist_id, film_id) VALUES (13, 3);
INSERT INTO film_actors (artist_id, film_id) VALUES (29, 3);
INSERT INTO film_actors (artist_id, film_id) VALUES (25, 3);
INSERT INTO film_actors (artist_id, film_id) VALUES (28, 3);
INSERT INTO film_actors (artist_id, film_id) VALUES (24, 3);
INSERT INTO film_actors (artist_id, film_id) VALUES (26, 3);
INSERT INTO film_actors (artist_id, film_id) VALUES (42, 4);
INSERT INTO film_actors (artist_id, film_id) VALUES (34, 4);
INSERT INTO film_actors (artist_id, film_id) VALUES (38, 4);
INSERT INTO film_actors (artist_id, film_id) VALUES (43, 4);
INSERT INTO film_actors (artist_id, film_id) VALUES (40, 4);
INSERT INTO film_actors (artist_id, film_id) VALUES (25, 4);
INSERT INTO film_actors (artist_id, film_id) VALUES (3, 4);
INSERT INTO film_actors (artist_id, film_id) VALUES (41, 4);
INSERT INTO film_actors (artist_id, film_id) VALUES (32, 4);
INSERT INTO film_actors (artist_id, film_id) VALUES (35, 4);
INSERT INTO film_actors (artist_id, film_id) VALUES (33, 4);
INSERT INTO film_actors (artist_id, film_id) VALUES (45, 4);
INSERT INTO film_actors (artist_id, film_id) VALUES (37, 4);
INSERT INTO film_actors (artist_id, film_id) VALUES (36, 4);
INSERT INTO film_actors (artist_id, film_id) VALUES (39, 4);
INSERT INTO film_actors (artist_id, film_id) VALUES (44, 4);
INSERT INTO film_actors (artist_id, film_id) VALUES (47, 5);
INSERT INTO film_actors (artist_id, film_id) VALUES (48, 5);
INSERT INTO film_actors (artist_id, film_id) VALUES (49, 5);
INSERT INTO film_actors (artist_id, film_id) VALUES (15, 5);
INSERT INTO film_actors (artist_id, film_id) VALUES (46, 5);
INSERT INTO film_actors (artist_id, film_id) VALUES (16, 5);
INSERT INTO film_actors (artist_id, film_id) VALUES (27, 6);
INSERT INTO film_actors (artist_id, film_id) VALUES (53, 6);
INSERT INTO film_actors (artist_id, film_id) VALUES (13, 6);
INSERT INTO film_actors (artist_id, film_id) VALUES (54, 6);
INSERT INTO film_actors (artist_id, film_id) VALUES (49, 6);
INSERT INTO film_actors (artist_id, film_id) VALUES (52, 6);
INSERT INTO film_actors (artist_id, film_id) VALUES (50, 6);
INSERT INTO film_actors (artist_id, film_id) VALUES (10, 6);
INSERT INTO film_actors (artist_id, film_id) VALUES (16, 6);
INSERT INTO film_actors (artist_id, film_id) VALUES (51, 6);
INSERT INTO film_actors (artist_id, film_id) VALUES (57, 7);
INSERT INTO film_actors (artist_id, film_id) VALUES (58, 7);
INSERT INTO film_actors (artist_id, film_id) VALUES (55, 7);
INSERT INTO film_actors (artist_id, film_id) VALUES (56, 7);
INSERT INTO film_actors (artist_id, film_id) VALUES (62, 7);
INSERT INTO film_actors (artist_id, film_id) VALUES (50, 7);
INSERT INTO film_actors (artist_id, film_id) VALUES (59, 7);
INSERT INTO film_actors (artist_id, film_id) VALUES (60, 7);
INSERT INTO film_actors (artist_id, film_id) VALUES (61, 7);
INSERT INTO film_actors (artist_id, film_id) VALUES (72, 8);
INSERT INTO film_actors (artist_id, film_id) VALUES (63, 8);
INSERT INTO film_actors (artist_id, film_id) VALUES (73, 8);
INSERT INTO film_actors (artist_id, film_id) VALUES (65, 8);
INSERT INTO film_actors (artist_id, film_id) VALUES (70, 8);
INSERT INTO film_actors (artist_id, film_id) VALUES (64, 8);
INSERT INTO film_actors (artist_id, film_id) VALUES (66, 8);
INSERT INTO film_actors (artist_id, film_id) VALUES (71, 8);
INSERT INTO film_actors (artist_id, film_id) VALUES (13, 8);
INSERT INTO film_actors (artist_id, film_id) VALUES (67, 8);
INSERT INTO film_actors (artist_id, film_id) VALUES (74, 8);
INSERT INTO film_actors (artist_id, film_id) VALUES (68, 8);
INSERT INTO film_actors (artist_id, film_id) VALUES (69, 8);
INSERT INTO film_actors (artist_id, film_id) VALUES (80, 9);
INSERT INTO film_actors (artist_id, film_id) VALUES (81, 9);
INSERT INTO film_actors (artist_id, film_id) VALUES (30, 9);
INSERT INTO film_actors (artist_id, film_id) VALUES (14, 9);
INSERT INTO film_actors (artist_id, film_id) VALUES (78, 9);
INSERT INTO film_actors (artist_id, film_id) VALUES (49, 9);
INSERT INTO film_actors (artist_id, film_id) VALUES (76, 9);
INSERT INTO film_actors (artist_id, film_id) VALUES (77, 9);
INSERT INTO film_actors (artist_id, film_id) VALUES (79, 9);
INSERT INTO film_actors (artist_id, film_id) VALUES (39, 9);
INSERT INTO film_actors (artist_id, film_id) VALUES (75, 9);
INSERT INTO film_actors (artist_id, film_id) VALUES (81, 10);
INSERT INTO film_actors (artist_id, film_id) VALUES (30, 10);
INSERT INTO film_actors (artist_id, film_id) VALUES (14, 10);
INSERT INTO film_actors (artist_id, film_id) VALUES (78, 10);
INSERT INTO film_actors (artist_id, film_id) VALUES (49, 10);
INSERT INTO film_actors (artist_id, film_id) VALUES (77, 10);
INSERT INTO film_actors (artist_id, film_id) VALUES (87, 11);
INSERT INTO film_actors (artist_id, film_id) VALUES (85, 11);
INSERT INTO film_actors (artist_id, film_id) VALUES (84, 11);
INSERT INTO film_actors (artist_id, film_id) VALUES (88, 11);
INSERT INTO film_actors (artist_id, film_id) VALUES (86, 11);
INSERT INTO film_actors (artist_id, film_id) VALUES (90, 12);
INSERT INTO film_actors (artist_id, film_id) VALUES (92, 12);
INSERT INTO film_actors (artist_id, film_id) VALUES (93, 12);
INSERT INTO film_actors (artist_id, film_id) VALUES (91, 12);
INSERT INTO film_actors (artist_id, film_id) VALUES (97, 13);
INSERT INTO film_actors (artist_id, film_id) VALUES (95, 13);
INSERT INTO film_actors (artist_id, film_id) VALUES (96, 13);
INSERT INTO film_actors (artist_id, film_id) VALUES (106, 14);
INSERT INTO film_actors (artist_id, film_id) VALUES (101, 14);
INSERT INTO film_actors (artist_id, film_id) VALUES (99, 14);
INSERT INTO film_actors (artist_id, film_id) VALUES (103, 14);
INSERT INTO film_actors (artist_id, film_id) VALUES (105, 14);
INSERT INTO film_actors (artist_id, film_id) VALUES (100, 14);
INSERT INTO film_actors (artist_id, film_id) VALUES (102, 14);
INSERT INTO film_actors (artist_id, film_id) VALUES (104, 14);
INSERT INTO film_actors (artist_id, film_id) VALUES (107, 15);
INSERT INTO film_actors (artist_id, film_id) VALUES (90, 15);
INSERT INTO film_actors (artist_id, film_id) VALUES (108, 15);
INSERT INTO film_actors (artist_id, film_id) VALUES (111, 16);
INSERT INTO film_actors (artist_id, film_id) VALUES (112, 16);
INSERT INTO film_actors (artist_id, film_id) VALUES (117, 17);
INSERT INTO film_actors (artist_id, film_id) VALUES (114, 17);
INSERT INTO film_actors (artist_id, film_id) VALUES (118, 17);
INSERT INTO film_actors (artist_id, film_id) VALUES (116, 17);
INSERT INTO film_actors (artist_id, film_id) VALUES (115, 17);
INSERT INTO film_actors (artist_id, film_id) VALUES (113, 17);
INSERT INTO film_actors (artist_id, film_id) VALUES (119, 17);
INSERT INTO film_actors (artist_id, film_id) VALUES (112, 17);
INSERT INTO film_actors (artist_id, film_id) VALUES (124, 18);
INSERT INTO film_actors (artist_id, film_id) VALUES (121, 18);
INSERT INTO film_actors (artist_id, film_id) VALUES (113, 18);
INSERT INTO film_actors (artist_id, film_id) VALUES (120, 18);
INSERT INTO film_actors (artist_id, film_id) VALUES (122, 18);
INSERT INTO film_actors (artist_id, film_id) VALUES (123, 18);
INSERT INTO film_actors (artist_id, film_id) VALUES (128, 19);
INSERT INTO film_actors (artist_id, film_id) VALUES (127, 19);
INSERT INTO film_actors (artist_id, film_id) VALUES (129, 19);
INSERT INTO film_actors (artist_id, film_id) VALUES (130, 19);
INSERT INTO film_actors (artist_id, film_id) VALUES (136, 20);
INSERT INTO film_actors (artist_id, film_id) VALUES (131, 20);
INSERT INTO film_actors (artist_id, film_id) VALUES (133, 20);
INSERT INTO film_actors (artist_id, film_id) VALUES (134, 20);
INSERT INTO film_actors (artist_id, film_id) VALUES (132, 20);
INSERT INTO film_actors (artist_id, film_id) VALUES (135, 20);
INSERT INTO film_actors (artist_id, film_id) VALUES (137, 20);
INSERT INTO film_actors (artist_id, film_id) VALUES (139, 20);
INSERT INTO film_actors (artist_id, film_id) VALUES (141, 20);
INSERT INTO film_actors (artist_id, film_id) VALUES (138, 20);
INSERT INTO film_actors (artist_id, film_id) VALUES (140, 20);
INSERT INTO film_actors (artist_id, film_id) VALUES (146, 21);
INSERT INTO film_actors (artist_id, film_id) VALUES (147, 21);
INSERT INTO film_actors (artist_id, film_id) VALUES (145, 21);
INSERT INTO film_actors (artist_id, film_id) VALUES (144, 21);
INSERT INTO film_actors (artist_id, film_id) VALUES (143, 21);
INSERT INTO film_actors (artist_id, film_id) VALUES (128, 22);
INSERT INTO film_actors (artist_id, film_id) VALUES (87, 22);
INSERT INTO film_actors (artist_id, film_id) VALUES (148, 22);
INSERT INTO film_actors (artist_id, film_id) VALUES (150, 23);
INSERT INTO film_actors (artist_id, film_id) VALUES (128, 23);
INSERT INTO film_actors (artist_id, film_id) VALUES (87, 23);
INSERT INTO film_actors (artist_id, film_id) VALUES (149, 23);
INSERT INTO film_actors (artist_id, film_id) VALUES (148, 23);
INSERT INTO film_actors (artist_id, film_id) VALUES (128, 24);
INSERT INTO film_actors (artist_id, film_id) VALUES (127, 24);
INSERT INTO film_actors (artist_id, film_id) VALUES (153, 24);
INSERT INTO film_actors (artist_id, film_id) VALUES (151, 24);
INSERT INTO film_actors (artist_id, film_id) VALUES (152, 24);
INSERT INTO film_actors (artist_id, film_id) VALUES (154, 24);
INSERT INTO film_actors (artist_id, film_id) VALUES (128, 25);
INSERT INTO film_actors (artist_id, film_id) VALUES (155, 25);
INSERT INTO film_actors (artist_id, film_id) VALUES (127, 25);
INSERT INTO film_actors (artist_id, film_id) VALUES (157, 25);
INSERT INTO film_actors (artist_id, film_id) VALUES (156, 25);
INSERT INTO film_actors (artist_id, film_id) VALUES (161, 26);
INSERT INTO film_actors (artist_id, film_id) VALUES (160, 26);
INSERT INTO film_actors (artist_id, film_id) VALUES (162, 26);
INSERT INTO film_actors (artist_id, film_id) VALUES (159, 26);
INSERT INTO film_actors (artist_id, film_id) VALUES (163, 27);
INSERT INTO film_actors (artist_id, film_id) VALUES (161, 27);
INSERT INTO film_actors (artist_id, film_id) VALUES (159, 27);
INSERT INTO film_actors (artist_id, film_id) VALUES (166, 28);
INSERT INTO film_actors (artist_id, film_id) VALUES (167, 28);
INSERT INTO film_actors (artist_id, film_id) VALUES (168, 28);
INSERT INTO film_actors (artist_id, film_id) VALUES (159, 28);
INSERT INTO film_actors (artist_id, film_id) VALUES (183, 30);
INSERT INTO film_actors (artist_id, film_id) VALUES (184, 30);
INSERT INTO film_actors (artist_id, film_id) VALUES (182, 30);
INSERT INTO film_actors (artist_id, film_id) VALUES (159, 30);
INSERT INTO film_actors (artist_id, film_id) VALUES (187, 31);
INSERT INTO film_actors (artist_id, film_id) VALUES (189, 31);
INSERT INTO film_actors (artist_id, film_id) VALUES (188, 31);
INSERT INTO film_actors (artist_id, film_id) VALUES (86, 31);
INSERT INTO film_actors (artist_id, film_id) VALUES (186, 31);
INSERT INTO film_actors (artist_id, film_id) VALUES (190, 31);
INSERT INTO film_actors (artist_id, film_id) VALUES (192, 32);
INSERT INTO film_actors (artist_id, film_id) VALUES (194, 32);
INSERT INTO film_actors (artist_id, film_id) VALUES (196, 32);
INSERT INTO film_actors (artist_id, film_id) VALUES (86, 32);
INSERT INTO film_actors (artist_id, film_id) VALUES (197, 32);
INSERT INTO film_actors (artist_id, film_id) VALUES (195, 32);
INSERT INTO film_actors (artist_id, film_id) VALUES (193, 32);
INSERT INTO film_actors (artist_id, film_id) VALUES (198, 32);
INSERT INTO film_actors (artist_id, film_id) VALUES (200, 33);
INSERT INTO film_actors (artist_id, film_id) VALUES (202, 33);
INSERT INTO film_actors (artist_id, film_id) VALUES (86, 33);
INSERT INTO film_actors (artist_id, film_id) VALUES (201, 33);
INSERT INTO film_actors (artist_id, film_id) VALUES (199, 33);
INSERT INTO film_actors (artist_id, film_id) VALUES (210, 34);
INSERT INTO film_actors (artist_id, film_id) VALUES (209, 34);
INSERT INTO film_actors (artist_id, film_id) VALUES (205, 34);
INSERT INTO film_actors (artist_id, film_id) VALUES (208, 34);
INSERT INTO film_actors (artist_id, film_id) VALUES (206, 34);
INSERT INTO film_actors (artist_id, film_id) VALUES (86, 34);
INSERT INTO film_actors (artist_id, film_id) VALUES (207, 34);
INSERT INTO film_actors (artist_id, film_id) VALUES (200, 35);
INSERT INTO film_actors (artist_id, film_id) VALUES (213, 35);
INSERT INTO film_actors (artist_id, film_id) VALUES (215, 35);
INSERT INTO film_actors (artist_id, film_id) VALUES (86, 35);
INSERT INTO film_actors (artist_id, film_id) VALUES (214, 35);
INSERT INTO film_actors (artist_id, film_id) VALUES (187, 36);
INSERT INTO film_actors (artist_id, film_id) VALUES (216, 36);
INSERT INTO film_actors (artist_id, film_id) VALUES (86, 36);
INSERT INTO film_actors (artist_id, film_id) VALUES (218, 36);
INSERT INTO film_actors (artist_id, film_id) VALUES (186, 36);
INSERT INTO film_actors (artist_id, film_id) VALUES (217, 36);
INSERT INTO film_actors (artist_id, film_id) VALUES (74, 37);
INSERT INTO film_actors (artist_id, film_id) VALUES (221, 37);
INSERT INTO film_actors (artist_id, film_id) VALUES (222, 37);
INSERT INTO film_actors (artist_id, film_id) VALUES (220, 37);
INSERT INTO film_actors (artist_id, film_id) VALUES (226, 38);
INSERT INTO film_actors (artist_id, film_id) VALUES (228, 38);
INSERT INTO film_actors (artist_id, film_id) VALUES (225, 38);
INSERT INTO film_actors (artist_id, film_id) VALUES (224, 38);
INSERT INTO film_actors (artist_id, film_id) VALUES (220, 38);
INSERT INTO film_actors (artist_id, film_id) VALUES (227, 38);
INSERT INTO film_actors (artist_id, film_id) VALUES (230, 39);
INSERT INTO film_actors (artist_id, film_id) VALUES (220, 39);
INSERT INTO film_actors (artist_id, film_id) VALUES (233, 40);
INSERT INTO film_actors (artist_id, film_id) VALUES (234, 40);
INSERT INTO film_actors (artist_id, film_id) VALUES (194, 40);
INSERT INTO film_actors (artist_id, film_id) VALUES (232, 40);
INSERT INTO film_actors (artist_id, film_id) VALUES (220, 40);
INSERT INTO film_actors (artist_id, film_id) VALUES (232, 41);
INSERT INTO film_actors (artist_id, film_id) VALUES (220, 41);
INSERT INTO film_actors (artist_id, film_id) VALUES (236, 41);


INSERT INTO user (dtype, id, email,last_password_reset_date,password, username, available_minutes, title, immunity, immunity_points, registry_date, allowed_to_login, allowed_to_purchase) VALUES ('RegisteredUser', 1, 'a@a','2019-08-08 00:00','$2a$10$xMipTNv6mB4FdLt52YK4KuzVVFx891Pr0cnWySeko67UbjbZcIAK2','user1',0,'NONE','NONE',0,'2019-08-08 00:00',1,1) ON DUPLICATE KEY UPDATE id = 1;
INSERT INTO user (dtype, id, email,last_password_reset_date,password, username, available_minutes, title, immunity, immunity_points, registry_date, allowed_to_login, allowed_to_purchase) VALUES ('RegisteredUser', 2, 'b@a','2019-08-08 00:00','$2a$10$xMipTNv6mB4FdLt52YK4KuzVVFx891Pr0cnWySeko67UbjbZcIAK2','user2',0,'BRONZE','NONE',0,'2019-08-08 00:00',1,1) ON DUPLICATE KEY UPDATE id = 2;
INSERT INTO user (dtype, id, email,last_password_reset_date,password, username, available_minutes, title, immunity, immunity_points, registry_date, allowed_to_login, allowed_to_purchase) VALUES ('RegisteredUser', 3, 'c@a','2019-08-08 00:00','$2a$10$xMipTNv6mB4FdLt52YK4KuzVVFx891Pr0cnWySeko67UbjbZcIAK2','user3',0,'BRONZE','NONE',0,'2019-08-08 00:00',1,1) ON DUPLICATE KEY UPDATE id = 3;
INSERT INTO user (dtype, id, email,last_password_reset_date,password, username, available_minutes, title, immunity, immunity_points, registry_date, allowed_to_login, allowed_to_purchase) VALUES ('RegisteredUser', 4, 'd@a','2019-08-08 00:00','$2a$10$xMipTNv6mB4FdLt52YK4KuzVVFx891Pr0cnWySeko67UbjbZcIAK2','user4',0,'BRONZE','NONE',20,'2019-08-08 00:00',1,1) ON DUPLICATE KEY UPDATE id = 4;
INSERT INTO user (dtype, id, email,last_password_reset_date,password, username, available_minutes, title, immunity, immunity_points, registry_date, allowed_to_login, allowed_to_purchase) VALUES ('RegisteredUser', 5, 'e@a','2019-08-08 00:00','$2a$10$xMipTNv6mB4FdLt52YK4KuzVVFx891Pr0cnWySeko67UbjbZcIAK2','user5',0,'BRONZE','NONE',5,'2019-08-08 00:00',1,1) ON DUPLICATE KEY UPDATE id = 5;
INSERT INTO user (dtype, id, email,last_password_reset_date,password, username, available_minutes, title, immunity, immunity_points, registry_date, allowed_to_login, allowed_to_purchase) VALUES ('RegisteredUser', 6, 'a@a','2019-08-08 00:00','$2a$10$xMipTNv6mB4FdLt52YK4KuzVVFx891Pr0cnWySeko67UbjbZcIAK2','user6',0,'NONE','NONE',0,'2019-08-08 00:00',1,1) ON DUPLICATE KEY UPDATE id = 6;
INSERT INTO user (dtype, id, email,last_password_reset_date,password, username, available_minutes, title, immunity, immunity_points, registry_date, allowed_to_login, allowed_to_purchase) VALUES ('RegisteredUser', 7, 'b@a','2019-08-08 00:00','$2a$10$xMipTNv6mB4FdLt52YK4KuzVVFx891Pr0cnWySeko67UbjbZcIAK2','user7',0,'BRONZE','NONE',0,'2019-08-08 00:00',1,1) ON DUPLICATE KEY UPDATE id = 7;
INSERT INTO user (dtype, id, email,last_password_reset_date,password, username, available_minutes, title, immunity, immunity_points, registry_date, allowed_to_login, allowed_to_purchase) VALUES ('RegisteredUser', 8, 'c@a','2019-08-08 00:00','$2a$10$xMipTNv6mB4FdLt52YK4KuzVVFx891Pr0cnWySeko67UbjbZcIAK2','user8',0,'SILVER','NONE',0,'2019-08-08 00:00',1,1) ON DUPLICATE KEY UPDATE id = 8;
INSERT INTO user (dtype, id, email,last_password_reset_date,password, username, available_minutes, title, immunity, immunity_points, registry_date, allowed_to_login, allowed_to_purchase) VALUES ('RegisteredUser', 9, 'd@a','2019-08-08 00:00','$2a$10$xMipTNv6mB4FdLt52YK4KuzVVFx891Pr0cnWySeko67UbjbZcIAK2','user9',0,'SILVER','NONE',0,'2019-08-08 00:00',1,1) ON DUPLICATE KEY UPDATE id = 9;
INSERT INTO user (dtype, id, email,last_password_reset_date,password, username, available_minutes, title, immunity, immunity_points, registry_date, allowed_to_login, allowed_to_purchase) VALUES ('RegisteredUser', 10, 'e@a','2019-08-08 00:00','$2a$10$xMipTNv6mB4FdLt52YK4KuzVVFx891Pr0cnWySeko67UbjbZcIAK2','user10',0,'SILVER','NONE',30,'2019-08-08 00:00',1,1) ON DUPLICATE KEY UPDATE id = 10;
INSERT INTO user (dtype, id, email,last_password_reset_date,password, username, available_minutes, title, immunity, immunity_points, registry_date, allowed_to_login, allowed_to_purchase) VALUES ('RegisteredUser', 11, 'a@a','2019-08-08 00:00','$2a$10$xMipTNv6mB4FdLt52YK4KuzVVFx891Pr0cnWySeko67UbjbZcIAK2','user11',0,'SILVER','NONE',0,'2019-08-08 00:00',1,1) ON DUPLICATE KEY UPDATE id = 11;
INSERT INTO user (dtype, id, email,last_password_reset_date,password, username, available_minutes, title, immunity, immunity_points, registry_date, allowed_to_login, allowed_to_purchase) VALUES ('RegisteredUser', 12, 'b@a','2019-08-08 00:00','$2a$10$xMipTNv6mB4FdLt52YK4KuzVVFx891Pr0cnWySeko67UbjbZcIAK2','user12',0,'SILVER','NONE',0,'2019-08-08 00:00',1,1) ON DUPLICATE KEY UPDATE id = 12;
INSERT INTO user (dtype, id, email,last_password_reset_date,password, username, available_minutes, title, immunity, immunity_points, registry_date, allowed_to_login, allowed_to_purchase) VALUES ('RegisteredUser', 13, 'c@a','2019-08-08 00:00','$2a$10$xMipTNv6mB4FdLt52YK4KuzVVFx891Pr0cnWySeko67UbjbZcIAK2','user13',0,'BRONZE','NONE',0,'2019-08-08 00:00',1,1) ON DUPLICATE KEY UPDATE id = 13;
INSERT INTO user (dtype, id, email,last_password_reset_date,password, username, available_minutes, title, immunity, immunity_points, registry_date, allowed_to_login, allowed_to_purchase) VALUES ('RegisteredUser', 14, 'd@a','2019-08-08 00:00','$2a$10$xMipTNv6mB4FdLt52YK4KuzVVFx891Pr0cnWySeko67UbjbZcIAK2','user14',0,'NONE','NONE',0,'2019-08-08 00:00',1,1) ON DUPLICATE KEY UPDATE id = 14;
INSERT INTO user (dtype, id, email,last_password_reset_date,password, username, available_minutes, title, immunity, immunity_points, registry_date, allowed_to_login, allowed_to_purchase) VALUES ('RegisteredUser', 15, 'e@a','2019-08-08 00:00','$2a$10$xMipTNv6mB4FdLt52YK4KuzVVFx891Pr0cnWySeko67UbjbZcIAK2','user15',0,'GOLD','NONE',0,'2019-08-08 00:00',1,1) ON DUPLICATE KEY UPDATE id = 15;
INSERT INTO user (dtype, id, email,last_password_reset_date,password, username, available_minutes, title, immunity, immunity_points, registry_date, allowed_to_login, allowed_to_purchase) VALUES ('RegisteredUser', 16, 'a@a','2019-08-08 00:00','$2a$10$xMipTNv6mB4FdLt52YK4KuzVVFx891Pr0cnWySeko67UbjbZcIAK2','user16',0,'GOLD','NONE',50,'2019-08-08 00:00',1,1) ON DUPLICATE KEY UPDATE id = 16;
INSERT INTO user (dtype, id, email,last_password_reset_date,password, username, available_minutes, title, immunity, immunity_points, registry_date, allowed_to_login, allowed_to_purchase) VALUES ('RegisteredUser', 17, 'b@a','2019-08-08 00:00','$2a$10$xMipTNv6mB4FdLt52YK4KuzVVFx891Pr0cnWySeko67UbjbZcIAK2','user17',0,'GOLD','NONE',0,'2019-08-08 00:00',1,1) ON DUPLICATE KEY UPDATE id = 17;
INSERT INTO user (dtype, id, email,last_password_reset_date,password, username, allowed_to_login) VALUES ('Administrator', 18, 'f@b','2019-09-08 00:00','$2a$10$xMipTNv6mB4FdLt52YK4KuzVVFx891Pr0cnWySeko67UbjbZcIAK2','user0',1) ON DUPLICATE KEY UPDATE id = 18;

INSERT INTO authority (id, name) VALUES (1,'ROLE_REGISTERED_USER') ON DUPLICATE KEY UPDATE id = 1;
INSERT INTO authority (id, name) VALUES (2,'ROLE_REGISTERED_USER') ON DUPLICATE KEY UPDATE id = 2;
INSERT INTO authority (id, name) VALUES (3,'ROLE_REGISTERED_USER') ON DUPLICATE KEY UPDATE id = 3;
INSERT INTO authority (id, name) VALUES (4,'ROLE_REGISTERED_USER') ON DUPLICATE KEY UPDATE id = 4;
INSERT INTO authority (id, name) VALUES (5,'ROLE_REGISTERED_USER') ON DUPLICATE KEY UPDATE id = 5;
INSERT INTO authority (id, name) VALUES (6,'ROLE_REGISTERED_USER') ON DUPLICATE KEY UPDATE id = 6;
INSERT INTO authority (id, name) VALUES (7,'ROLE_REGISTERED_USER') ON DUPLICATE KEY UPDATE id = 7;
INSERT INTO authority (id, name) VALUES (8,'ROLE_REGISTERED_USER') ON DUPLICATE KEY UPDATE id = 8;
INSERT INTO authority (id, name) VALUES (9,'ROLE_REGISTERED_USER') ON DUPLICATE KEY UPDATE id = 9;
INSERT INTO authority (id, name) VALUES (10,'ROLE_REGISTERED_USER') ON DUPLICATE KEY UPDATE id = 10;
INSERT INTO authority (id, name) VALUES (11,'ROLE_REGISTERED_USER') ON DUPLICATE KEY UPDATE id = 11;
INSERT INTO authority (id, name) VALUES (12,'ROLE_REGISTERED_USER') ON DUPLICATE KEY UPDATE id = 12;
INSERT INTO authority (id, name) VALUES (13,'ROLE_REGISTERED_USER') ON DUPLICATE KEY UPDATE id = 13;
INSERT INTO authority (id, name) VALUES (14,'ROLE_REGISTERED_USER') ON DUPLICATE KEY UPDATE id = 14;
INSERT INTO authority (id, name) VALUES (15,'ROLE_REGISTERED_USER') ON DUPLICATE KEY UPDATE id = 15;
INSERT INTO authority (id, name) VALUES (16,'ROLE_REGISTERED_USER') ON DUPLICATE KEY UPDATE id = 16;
INSERT INTO authority (id, name) VALUES (17,'ROLE_REGISTERED_USER') ON DUPLICATE KEY UPDATE id = 17;
INSERT INTO authority (id, name) VALUES (18,'ROLE_ADMIN') ON DUPLICATE KEY UPDATE id = 18;

INSERT INTO user_authority (user_id, authority_id) VALUES(1, 1);
INSERT INTO user_authority (user_id, authority_id) VALUES(2, 2);
INSERT INTO user_authority (user_id, authority_id) VALUES(3, 3);
INSERT INTO user_authority (user_id, authority_id) VALUES(4, 4);
INSERT INTO user_authority (user_id, authority_id) VALUES(5, 5);
INSERT INTO user_authority (user_id, authority_id) VALUES(6, 6);
INSERT INTO user_authority (user_id, authority_id) VALUES(7, 7);
INSERT INTO user_authority (user_id, authority_id) VALUES(8, 8);
INSERT INTO user_authority (user_id, authority_id) VALUES(9, 9);
INSERT INTO user_authority (user_id, authority_id) VALUES(10, 10);
INSERT INTO user_authority (user_id, authority_id) VALUES(11, 11);
INSERT INTO user_authority (user_id, authority_id) VALUES(12, 12);
INSERT INTO user_authority (user_id, authority_id) VALUES(13, 13);
INSERT INTO user_authority (user_id, authority_id) VALUES(14, 14);
INSERT INTO user_authority (user_id, authority_id) VALUES(15, 15);
INSERT INTO user_authority (user_id, authority_id) VALUES(16, 16);
INSERT INTO user_authority (user_id, authority_id) VALUES(17, 17);
INSERT INTO user_authority (user_id, authority_id) VALUES(18, 18);

INSERT INTO offer (id, minutes, price) VALUES (1, 100, 2) ON DUPLICATE KEY UPDATE id = 1;
INSERT INTO offer (id, minutes, price) VALUES (2, 200, 3) ON DUPLICATE KEY UPDATE id = 2;
INSERT INTO offer (id, minutes, price) VALUES (3, 300, 4) ON DUPLICATE KEY UPDATE id = 3;
INSERT INTO offer (id, minutes, price) VALUES (4, 600, 7) ON DUPLICATE KEY UPDATE id = 4;
INSERT INTO offer (id, minutes, price) VALUES (5, 1000, 10) ON DUPLICATE KEY UPDATE id = 5;

INSERT INTO purchase (id, date, discount, price, purchased_minutes, offer_id, user_id) VALUES (1, '2020-05-05 00:00', 0, 3, 200, 2, 1) ON DUPLICATE KEY UPDATE id = 1;
INSERT INTO purchase (id, date, discount, price, purchased_minutes, offer_id, user_id) VALUES (2, '2020-05-05 00:00', 0, 2, 100, 1, 2) ON DUPLICATE KEY UPDATE id = 2;
INSERT INTO purchase (id, date, discount, price, purchased_minutes, offer_id, user_id) VALUES (3, '2020-05-05 00:00', 0, 3, 200, 2, 3) ON DUPLICATE KEY UPDATE id = 3;
INSERT INTO purchase (id, date, discount, price, purchased_minutes, offer_id, user_id) VALUES (4, '2020-05-05 00:00', 0, 4, 300, 3, 6) ON DUPLICATE KEY UPDATE id = 4;
INSERT INTO purchase (id, date, discount, price, purchased_minutes, offer_id, user_id) VALUES (5, '2020-05-05 00:00', 0, 4, 300, 3, 7) ON DUPLICATE KEY UPDATE id = 5;
INSERT INTO purchase (id, date, discount, price, purchased_minutes, offer_id, user_id) VALUES (6, '2020-05-05 00:00', 0, 4, 300, 3, 8) ON DUPLICATE KEY UPDATE id = 6;
INSERT INTO purchase (id, date, discount, price, purchased_minutes, offer_id, user_id) VALUES (7, '2020-05-05 00:00', 0, 3, 200, 2, 9) ON DUPLICATE KEY UPDATE id = 7;
INSERT INTO purchase (id, date, discount, price, purchased_minutes, offer_id, user_id) VALUES (8, '2020-05-05 00:00', 0, 7, 600, 4, 12) ON DUPLICATE KEY UPDATE id = 8;
INSERT INTO purchase (id, date, discount, price, purchased_minutes, offer_id, user_id) VALUES (9, '2020-05-05 00:00', 0, 7, 600, 4, 13) ON DUPLICATE KEY UPDATE id = 9;
INSERT INTO purchase (id, date, discount, price, purchased_minutes, offer_id, user_id) VALUES (10, '2020-05-05 00:00', 0, 7, 600, 4, 14) ON DUPLICATE KEY UPDATE id = 10;
INSERT INTO purchase (id, date, discount, price, purchased_minutes, offer_id, user_id) VALUES (11, '2020-05-05 00:00', 0, 3, 200, 2, 15) ON DUPLICATE KEY UPDATE id = 11;
INSERT INTO purchase (id, date, discount, price, purchased_minutes, offer_id, user_id) VALUES (12, '2020-05-05 00:00', 0, 3, 200, 2, 15) ON DUPLICATE KEY UPDATE id = 12;

INSERT INTO review (id, watched, watched_time, film_id, user_id, rate) VALUES (1, 1, '2020-05-05 00:00', 1, 1, 0) ON DUPLICATE KEY UPDATE id = 1;
INSERT INTO review (id, watched, watched_time, film_id, user_id, rate) VALUES (2, 1, '2020-05-05 00:00', 2, 1, 0) ON DUPLICATE KEY UPDATE id = 2;
INSERT INTO review (id, watched, watched_time, film_id, user_id, rate) VALUES (3, 1, '2020-05-05 00:00', 4, 1, 0) ON DUPLICATE KEY UPDATE id = 3;
INSERT INTO review (id, watched, watched_time, film_id, user_id, rate) VALUES (4, 1, '2020-05-05 00:00', 34, 1, 0) ON DUPLICATE KEY UPDATE id = 4;
INSERT INTO review (id, watched, watched_time, film_id, user_id, rate) VALUES (5, 1, '2020-05-05 00:00', 6, 1, 0) ON DUPLICATE KEY UPDATE id = 5;
INSERT INTO review (id, watched, watched_time, film_id, user_id, rate) VALUES (6, 1, '2020-05-05 00:00', 7, 1, 0) ON DUPLICATE KEY UPDATE id = 6;
INSERT INTO review (id, watched, watched_time, film_id, user_id, rate) VALUES (7, 1, '2020-05-05 00:00', 30, 1, 0) ON DUPLICATE KEY UPDATE id = 7;
