INSERT INTO edefiner (id, erank, type, evalue) VALUES (1, 'GOLD', 'TITLE_ACQUIRED', 600) ON DUPLICATE KEY UPDATE id = 1;
INSERT INTO edefiner (id, erank, type, evalue) VALUES (2, 'SILVER', 'TITLE_ACQUIRED', 300) ON DUPLICATE KEY UPDATE id = 2;
INSERT INTO edefiner (id, erank, type, evalue) VALUES (3, 'BRONZE', 'TITLE_ACQUIRED', 180) ON DUPLICATE KEY UPDATE id = 3;
INSERT INTO edefiner (id, erank, type, evalue) VALUES (4, 'GOLD', 'TITLE_SAVED', 400) ON DUPLICATE KEY UPDATE id = 4;
INSERT INTO edefiner (id, erank, type, evalue) VALUES (5, 'SILVER', 'TITLE_SAVED', 200) ON DUPLICATE KEY UPDATE id = 5;
INSERT INTO edefiner (id, erank, type, evalue) VALUES (6, 'BRONZE', 'TITLE_SAVED', 100) ON DUPLICATE KEY UPDATE id = 6;
INSERT INTO edefiner (id, erank, type, evalue) VALUES (7, 'GOLD', 'TITLE_REWARD', 300) ON DUPLICATE KEY UPDATE id = 7;
INSERT INTO edefiner (id, erank, type, evalue) VALUES (8, 'SILVER', 'TITLE_REWARD', 180) ON DUPLICATE KEY UPDATE id = 8;
INSERT INTO edefiner (id, erank, type, evalue) VALUES (9, 'BRONZE', 'TITLE_REWARD', 120) ON DUPLICATE KEY UPDATE id = 9;
INSERT INTO edefiner (id, erank, type, evalue) VALUES (10, 'GOLD', 'IMMUNITY_ACQUIRED', 50) ON DUPLICATE KEY UPDATE id = 10;
INSERT INTO edefiner (id, erank, type, evalue) VALUES (11, 'SILVER', 'IMMUNITY_ACQUIRED', 25) ON DUPLICATE KEY UPDATE id = 11;
INSERT INTO edefiner (id, erank, type, evalue) VALUES (12, 'BRONZE', 'IMMUNITY_ACQUIRED', 15) ON DUPLICATE KEY UPDATE id = 12;

INSERT INTO artist (id, name, surname) VALUES (1, 'Leonardo', 'Di Caprio') ON DUPLICATE KEY UPDATE id = 1;
INSERT INTO artist (id, name, surname) VALUES (2, 'Morgan', 'Freeman') ON DUPLICATE KEY UPDATE id = 2;
INSERT INTO artist (id, name, surname) VALUES (3, 'Robert', 'De Niro') ON DUPLICATE KEY UPDATE id = 3;
INSERT INTO artist (id, name, surname) VALUES (4, 'Brad', 'Pitt') ON DUPLICATE KEY UPDATE id = 4;
INSERT INTO artist (id, name, surname) VALUES (5, 'Liam', 'Neeson') ON DUPLICATE KEY UPDATE id = 5;
INSERT INTO artist (id, name, surname) VALUES (6, 'Jake', 'Gyllenhaal') ON DUPLICATE KEY UPDATE id = 6;
INSERT INTO artist (id, name, surname) VALUES (7, 'Tom', 'Hanks') ON DUPLICATE KEY UPDATE id = 7;
INSERT INTO artist (id, name, surname) VALUES (8, 'Al', 'Pacino') ON DUPLICATE KEY UPDATE id = 8;
INSERT INTO artist (id, name, surname) VALUES (9, 'Tom', 'Cruise') ON DUPLICATE KEY UPDATE id = 9;
INSERT INTO artist (id, name, surname) VALUES (10, 'Harrison', 'Ford') ON DUPLICATE KEY UPDATE id = 10;
INSERT INTO artist (id, name, surname) VALUES (11, 'Johnny', 'Depp') ON DUPLICATE KEY UPDATE id = 11;
INSERT INTO artist (id, name, surname) VALUES (12, 'Bruce', 'Willis') ON DUPLICATE KEY UPDATE id = 12;
INSERT INTO artist (id, name, surname) VALUES (13, 'Jack', 'Nicholson') ON DUPLICATE KEY UPDATE id = 13;
INSERT INTO artist (id, name, surname) VALUES (14, 'Tom', 'Hardy') ON DUPLICATE KEY UPDATE id = 14;
INSERT INTO artist (id, name, surname) VALUES (15, 'George', 'Clooney') ON DUPLICATE KEY UPDATE id = 15;
INSERT INTO artist (id, name, surname) VALUES (16, 'Scarlett', 'Johansson') ON DUPLICATE KEY UPDATE id = 16;
INSERT INTO artist (id, name, surname) VALUES (17, 'Emma', 'Watson') ON DUPLICATE KEY UPDATE id = 17;
INSERT INTO artist (id, name, surname) VALUES (18, 'Margot', 'Robbie') ON DUPLICATE KEY UPDATE id = 18;
INSERT INTO artist (id, name, surname) VALUES (19, 'Jennifer', 'Aniston') ON DUPLICATE KEY UPDATE id = 19;
INSERT INTO artist (id, name, surname) VALUES (20, 'Anne', 'Hathaway') ON DUPLICATE KEY UPDATE id = 20;
INSERT INTO artist (id, name, surname) VALUES (21, 'Natalie', 'Portman') ON DUPLICATE KEY UPDATE id = 21;
INSERT INTO artist (id, name, surname) VALUES (22, 'Angelina', 'Jolie') ON DUPLICATE KEY UPDATE id = 22;
INSERT INTO artist (id, name, surname) VALUES (23, 'Meryl', 'Streep') ON DUPLICATE KEY UPDATE id = 23;
INSERT INTO artist (id, name, surname) VALUES (24, 'Sandra', 'Bullock') ON DUPLICATE KEY UPDATE id = 24;
INSERT INTO artist (id, name, surname) VALUES (25, 'Julia', 'Roberts') ON DUPLICATE KEY UPDATE id = 25;
INSERT INTO artist (id, name, surname) VALUES (26, 'Mila', 'Kunis') ON DUPLICATE KEY UPDATE id = 26;
INSERT INTO artist (id, name, surname) VALUES (27, 'Ana', 'Kendrick') ON DUPLICATE KEY UPDATE id = 27;
INSERT INTO artist (id, name, surname) VALUES (28, 'Nicole', 'Kidman') ON DUPLICATE KEY UPDATE id = 28;
INSERT INTO artist (id, name, surname) VALUES (29, 'Amanda', 'Seyfried') ON DUPLICATE KEY UPDATE id = 29;
INSERT INTO artist (id, name, surname) VALUES (30, 'Jessica', 'Alba') ON DUPLICATE KEY UPDATE id = 30;
INSERT INTO artist (id, name, surname) VALUES (31, 'Quentin', 'Tarantino') ON DUPLICATE KEY UPDATE id = 31;
INSERT INTO artist (id, name, surname) VALUES (32, 'Martin', 'Scorses') ON DUPLICATE KEY UPDATE id = 32;
INSERT INTO artist (id, name, surname) VALUES (33, 'Christoper', 'Nolan') ON DUPLICATE KEY UPDATE id = 33;
INSERT INTO artist (id, name, surname) VALUES (34, 'David', 'Fincher') ON DUPLICATE KEY UPDATE id = 34;
INSERT INTO artist (id, name, surname) VALUES (35, 'Stanely', 'Kubrick') ON DUPLICATE KEY UPDATE id = 35;
INSERT INTO artist (id, name, surname) VALUES (36, 'Ridley', 'Scott') ON DUPLICATE KEY UPDATE id = 36;
INSERT INTO artist (id, name, surname) VALUES (37, 'Clint', 'Eastwood') ON DUPLICATE KEY UPDATE id = 37;

INSERT INTO video_content (id, name, description, genre, duration, publish_date, year, rating, director_id) VALUES (1, 'Film1', 'Description1', 'HORROR', 120, '2019-12-12 00:00', 2016, 0, 33) ON DUPLICATE KEY UPDATE id = 1;
INSERT INTO video_content (id, name, description, genre, duration, publish_date, year, rating, director_id) VALUES (2, 'Film2', 'Description2', 'HORROR', 125, '2019-12-12 00:00', 2012, 0, 33) ON DUPLICATE KEY UPDATE id = 2;
INSERT INTO video_content (id, name, description, genre, duration, publish_date, year, rating, director_id) VALUES (3, 'Film3', 'Description3', 'ACTION', 90, '2019-12-12 00:00', 2014, 0, 35) ON DUPLICATE KEY UPDATE id = 3;
INSERT INTO video_content (id, name, description, genre, duration, publish_date, year, rating, director_id) VALUES (4, 'Film4', 'Description4', 'DRAMA', 110, '2019-12-12 00:00', 2015, 0, 32) ON DUPLICATE KEY UPDATE id = 4;
INSERT INTO video_content (id, name, description, genre, duration, publish_date, year, rating, director_id) VALUES (5, 'Film5', 'Description5', 'ACTION', 100, '2019-12-12 00:00', 2001, 0, 31) ON DUPLICATE KEY UPDATE id = 5;

INSERT INTO artist_roles (artist_id, roles_id) VALUES (1, 1);
INSERT INTO artist_roles (artist_id, roles_id) VALUES (17, 1);
INSERT INTO artist_roles (artist_id, roles_id) VALUES (5, 1);
INSERT INTO artist_roles (artist_id, roles_id) VALUES (25, 1);
INSERT INTO artist_roles (artist_id, roles_id) VALUES (4, 2);
INSERT INTO artist_roles (artist_id, roles_id) VALUES (5, 2);
INSERT INTO artist_roles (artist_id, roles_id) VALUES (16, 2);
INSERT INTO artist_roles (artist_id, roles_id) VALUES (3, 3);
INSERT INTO artist_roles (artist_id, roles_id) VALUES (6, 3);
INSERT INTO artist_roles (artist_id, roles_id) VALUES (18, 3);
INSERT INTO artist_roles (artist_id, roles_id) VALUES (19, 3);
INSERT INTO artist_roles (artist_id, roles_id) VALUES (26, 4);
INSERT INTO artist_roles (artist_id, roles_id) VALUES (27, 4);
INSERT INTO artist_roles (artist_id, roles_id) VALUES (28, 4);
INSERT INTO artist_roles (artist_id, roles_id) VALUES (1, 5);
INSERT INTO artist_roles (artist_id, roles_id) VALUES (2, 5);
INSERT INTO artist_roles (artist_id, roles_id) VALUES (3, 5);

INSERT INTO offer (id, minutes, price) VALUES (1, 60, 2) ON DUPLICATE KEY UPDATE id = 1;
INSERT INTO offer (id, minutes, price) VALUES (2, 150, 3) ON DUPLICATE KEY UPDATE id = 2;
INSERT INTO offer (id, minutes, price) VALUES (3, 300, 5) ON DUPLICATE KEY UPDATE id = 3;
INSERT INTO offer (id, minutes, price) VALUES (4, 600, 7) ON DUPLICATE KEY UPDATE id = 4;
INSERT INTO offer (id, minutes, price) VALUES (5, 1000, 10) ON DUPLICATE KEY UPDATE id = 5;

INSERT INTO user (dtype, id, email,last_password_reset_date,password, username, available_minutes, title, immunity, immunity_points, registry_date) VALUES ('RegisteredUser', 1, 'a@a','2019-08-08 00:00','$2a$10$xMipTNv6mB4FdLt52YK4KuzVVFx891Pr0cnWySeko67UbjbZcIAK2','user1',0,'NONE','NONE',0,'2019-08-08 00:00') ON DUPLICATE KEY UPDATE id = 1;
INSERT INTO user (dtype, id, email,last_password_reset_date,password, username, available_minutes, title, immunity, immunity_points, registry_date) VALUES ('RegisteredUser', 2, 'b@a','2019-08-08 00:00','$2a$10$xMipTNv6mB4FdLt52YK4KuzVVFx891Pr0cnWySeko67UbjbZcIAK2','user2',0,'NONE','NONE',0,'2019-08-08 00:00') ON DUPLICATE KEY UPDATE id = 2;
INSERT INTO user (dtype, id, email,last_password_reset_date,password, username, available_minutes, title, immunity, immunity_points, registry_date) VALUES ('RegisteredUser', 3, 'c@a','2019-08-08 00:00','$2a$10$xMipTNv6mB4FdLt52YK4KuzVVFx891Pr0cnWySeko67UbjbZcIAK2','user3',0,'BRONZE','NONE',0,'2019-08-08 00:00') ON DUPLICATE KEY UPDATE id = 3;
INSERT INTO user (dtype, id, email,last_password_reset_date,password, username, available_minutes, title, immunity, immunity_points, registry_date) VALUES ('RegisteredUser', 4, 'd@a','2019-08-08 00:00','$2a$10$xMipTNv6mB4FdLt52YK4KuzVVFx891Pr0cnWySeko67UbjbZcIAK2','user4',0,'SILVER','NONE',0,'2019-08-08 00:00') ON DUPLICATE KEY UPDATE id = 4;
INSERT INTO user (dtype, id, email,last_password_reset_date,password, username, available_minutes, title, immunity, immunity_points, registry_date) VALUES ('RegisteredUser', 5, 'e@a','2019-08-08 00:00','$2a$10$xMipTNv6mB4FdLt52YK4KuzVVFx891Pr0cnWySeko67UbjbZcIAK2','user5',0,'GOLD','NONE',0,'2019-08-08 00:00') ON DUPLICATE KEY UPDATE id = 5;
INSERT INTO user (dtype, id, email,last_password_reset_date,password, username) VALUES ('Administrator', 6, 'f@b','2019-09-08 00:00','$2a$10$xMipTNv6mB4FdLt52YK4KuzVVFx891Pr0cnWySeko67UbjbZcIAK2','user0') ON DUPLICATE KEY UPDATE id = 6;

INSERT INTO authority (id, name) VALUES (1,'ROLE_REGISTERED_USER') ON DUPLICATE KEY UPDATE id = 1;
INSERT INTO authority (id, name) VALUES (2,'ROLE_REGISTERED_USER') ON DUPLICATE KEY UPDATE id = 2;
INSERT INTO authority (id, name) VALUES (3,'ROLE_REGISTERED_USER') ON DUPLICATE KEY UPDATE id = 3;
INSERT INTO authority (id, name) VALUES (4,'ROLE_REGISTERED_USER') ON DUPLICATE KEY UPDATE id = 4;
INSERT INTO authority (id, name) VALUES (5,'ROLE_REGISTERED_USER') ON DUPLICATE KEY UPDATE id = 5;
INSERT INTO authority (id, name) VALUES (6,'ROLE_ADMIN') ON DUPLICATE KEY UPDATE id = 6;

INSERT INTO user_authority (user_id, authority_id) VALUES(1, 1);
INSERT INTO user_authority (user_id, authority_id) VALUES(2, 2);
INSERT INTO user_authority (user_id, authority_id) VALUES(3, 3);
INSERT INTO user_authority (user_id, authority_id) VALUES(4, 4);
INSERT INTO user_authority (user_id, authority_id) VALUES(5, 5);
INSERT INTO user_authority (user_id, authority_id) VALUES(6, 6);